slice_file_name,fsID,start,end,salience,fold,classID,class
146714-0-0-49.wav,146714,24.5,28.5,2,3,0,air_conditioner
144068-5-4-3.wav,144068,117.944222,121.944222,1,3,5,engine_idling
12647-3-3-0.wav,12647,6.682172,10.682172,1,3,3,dog_bark
111671-8-0-9.wav,111671,5.697766,9.697766,1,5,8,siren
104998-7-17-14.wav,104998,463.008125,467.008125,1,5,7,jackhammer
104421-2-0-7.wav,104421,3.5,7.5,2,5,2,children_playing
